<?xml version="1.0" encoding="UTF-8"?>
<metadata xml:lang="en"><Esri><CreaDate>20180622</CreaDate><CreaTime>13541500</CreaTime><ArcGISFormat>1.0</ArcGISFormat><SyncOnce>TRUE</SyncOnce><DataProperties><lineage><Process ToolSource="c:\program files (x86)\arcgis\desktop10.5\ArcToolbox\Toolboxes\Conversion Tools.tbx\RasterToASCII" Date="20180622" Time="135415">RasterToASCII D:\GISData_PostPhD\MapBiomas_v23\James_2\ResampledImages\BrazilLC_2016_5km_int.img D:\GISData_PostPhD\MapBiomas_v23\James_2\ResampledImages\ASCII\brazillc_2016_5km_int.TXT</Process></lineage></DataProperties></Esri></metadata>
